"DESCRIPTION","DURATION IN MS","NAME","PARENT SUITE","START TIME","STATUS","STOP TIME","SUB SUITE","SUITE","TEST CLASS","TEST METHOD"
"","687","homepage loads with title and heading @smoke @ui","chromium","Mon Mar 02 12:34:43 UTC 2026","passed","Mon Mar 02 12:34:44 UTC 2026","Navigation","ui/navigation.spec.ts","",""
"","1771","emoji prompt is accepted @api","firefox","Mon Mar 02 12:34:48 UTC 2026","passed","Mon Mar 02 12:34:50 UTC 2026","Prompt Edge Cases — Security & Encoding","api/prompt-edge-cases.spec.ts","",""
"","373","GET /api/video-history with filter=mine returns cookie-filtered videos @api","mobile-chrome","Mon Mar 02 12:34:37 UTC 2026","passed","Mon Mar 02 12:34:37 UTC 2026","Generation Pipeline API","api/generation-pipeline.spec.ts","",""
"","3710","SQL injection string is accepted without server error @api @security","webkit","Mon Mar 02 12:34:45 UTC 2026","passed","Mon Mar 02 12:34:49 UTC 2026","Prompt Edge Cases — Security & Encoding","api/prompt-edge-cases.spec.ts","",""
"","47","response includes Content-Security-Policy header @api @security","webkit","Mon Mar 02 12:34:50 UTC 2026","passed","Mon Mar 02 12:34:50 UTC 2026","Security Headers Audit","api/security-headers.spec.ts","",""
"","1285","video-status should return sanitized error for invalid taskId @api @regression","mobile-chrome","Mon Mar 02 12:34:36 UTC 2026","passed","Mon Mar 02 12:34:38 UTC 2026","Generation Pipeline — Data Integrity","api/generation-pipeline.spec.ts","",""
"","30","response includes X-Content-Type-Options: nosniff @api @security","firefox","Mon Mar 02 12:34:50 UTC 2026","passed","Mon Mar 02 12:34:50 UTC 2026","Security Headers Audit","api/security-headers.spec.ts","",""
"","10460","start over button resets to input state @ui","chromium","Mon Mar 02 12:35:22 UTC 2026","passed","Mon Mar 02 12:35:32 UTC 2026","Stock Footage — Script Parsing","ui/stock-footage.spec.ts","",""
"","1498","XSS script tag is accepted without server error @api @security","mobile-chrome","Mon Mar 02 12:34:38 UTC 2026","passed","Mon Mar 02 12:34:40 UTC 2026","Prompt Edge Cases — Security & Encoding","api/prompt-edge-cases.spec.ts","",""
"","32","response includes Content-Security-Policy header @api @security","mobile-chrome","Mon Mar 02 12:34:41 UTC 2026","passed","Mon Mar 02 12:34:41 UTC 2026","Security Headers Audit","api/security-headers.spec.ts","",""
"","277","GET /api/video-status without taskId returns 400 @api @smoke","webkit","Mon Mar 02 12:34:38 UTC 2026","passed","Mon Mar 02 12:34:38 UTC 2026","Generation Pipeline API","api/generation-pipeline.spec.ts","",""
"","2290","All Videos tab shows videos with count > 0 @smoke @ui","firefox","Mon Mar 02 12:34:54 UTC 2026","passed","Mon Mar 02 12:34:56 UTC 2026","History Page","ui/history.spec.ts","",""
"","698","very long prompt is handled without 500 @api","webkit","Mon Mar 02 12:34:49 UTC 2026","passed","Mon Mar 02 12:34:49 UTC 2026","Prompt Edge Cases — Security & Encoding","api/prompt-edge-cases.spec.ts","",""
"","1309","previz_user_id cookie has HttpOnly flag @security","chromium","Mon Mar 02 12:34:39 UTC 2026","passed","Mon Mar 02 12:34:41 UTC 2026","Security Headers Audit","api/security-headers.spec.ts","",""
"","11993","unicode screenplay text parses without errors @ui","chromium","Mon Mar 02 12:34:51 UTC 2026","passed","Mon Mar 02 12:35:03 UTC 2026","Stock Footage — Script Parsing Edge Cases","ui/stock-footage-edge.spec.ts","",""
"","43","response includes Strict-Transport-Security @api @security","webkit","Mon Mar 02 12:34:50 UTC 2026","passed","Mon Mar 02 12:34:50 UTC 2026","Security Headers Audit","api/security-headers.spec.ts","",""
"","945","Stock Footage page should have no a11y violations @a11y @regression","mobile-chrome","Mon Mar 02 12:34:27 UTC 2026","passed","Mon Mar 02 12:34:28 UTC 2026","Accessibility — WCAG 2.1 AA Scans","a11y/page-scans.spec.ts","",""
"","1049","GET /api/video-status with valid taskId returns status object @api","firefox","Mon Mar 02 12:34:37 UTC 2026","passed","Mon Mar 02 12:34:38 UTC 2026","Generation Pipeline API","api/generation-pipeline.spec.ts","",""
"","833","video settings present with correct defaults @smoke @ui","firefox","Mon Mar 02 12:35:31 UTC 2026","passed","Mon Mar 02 12:35:32 UTC 2026","Stock Footage Page","ui/stock-footage.spec.ts","",""
"","641","generate button appears with correct video count @ui","mobile-chrome","Mon Mar 02 12:34:55 UTC 2026","skipped","Mon Mar 02 12:34:55 UTC 2026","Stock Footage — Script Parsing","ui/stock-footage.spec.ts","",""
"","784","two-scene script extracts multiple shots with editable prompts @ui","mobile-chrome","Mon Mar 02 12:34:54 UTC 2026","skipped","Mon Mar 02 12:34:55 UTC 2026","Stock Footage — Script Parsing","ui/stock-footage.spec.ts","",""
"","366","GET /api/video-history returns videos array with expected shape @api @smoke @regression","webkit","Mon Mar 02 12:34:38 UTC 2026","passed","Mon Mar 02 12:34:39 UTC 2026","Generation Pipeline API","api/generation-pipeline.spec.ts","",""
"","292","video history should have valid aspect_ratio values @api @regression","mobile-chrome","Mon Mar 02 12:34:36 UTC 2026","passed","Mon Mar 02 12:34:36 UTC 2026","Generation Pipeline — Data Integrity","api/generation-pipeline.spec.ts","",""
"","1304","All Videos tab shows videos with count > 0 @smoke @ui","mobile-chrome","Mon Mar 02 12:34:43 UTC 2026","passed","Mon Mar 02 12:34:44 UTC 2026","History Page","ui/history.spec.ts","",""
"","1173","Studio page should have no a11y violations @a11y @regression","mobile-chrome","Mon Mar 02 12:34:25 UTC 2026","passed","Mon Mar 02 12:34:26 UTC 2026","Accessibility — WCAG 2.1 AA Scans","a11y/page-scans.spec.ts","",""
"","732","Your Videos tab shows videos for current cookie @smoke @ui","mobile-chrome","Mon Mar 02 12:34:43 UTC 2026","passed","Mon Mar 02 12:34:44 UTC 2026","History Page","ui/history.spec.ts","",""
"","903","Your Videos tab shows empty state for fresh browser @ui","chromium","Mon Mar 02 12:34:42 UTC 2026","passed","Mon Mar 02 12:34:43 UTC 2026","History Page — Fresh Session","ui/history.spec.ts","",""
"","733","generate button disabled when prompt empty @smoke @ui","mobile-chrome","Mon Mar 02 12:34:55 UTC 2026","passed","Mon Mar 02 12:34:56 UTC 2026","Studio Page","ui/studio.spec.ts","",""
"","5793","stock footage parse button not intercepted by overlapping elements @ui @regression","mobile-chrome","Mon Mar 02 12:34:45 UTC 2026","passed","Mon Mar 02 12:34:51 UTC 2026","Mobile Viewport — Responsive Layout","ui/mobile.spec.ts","",""
"","1778","template literal in prompt does not leak env vars @api @security","chromium","Mon Mar 02 12:34:38 UTC 2026","passed","Mon Mar 02 12:34:40 UTC 2026","Prompt Edge Cases — Security & Encoding","api/prompt-edge-cases.spec.ts","",""
"","1504","template literal in prompt does not leak env vars @api @security","webkit","Mon Mar 02 12:34:50 UTC 2026","passed","Mon Mar 02 12:34:51 UTC 2026","Prompt Edge Cases — Security & Encoding","api/prompt-edge-cases.spec.ts","",""
"","9640","polling starts after generation trigger @smoke @ui","webkit","Mon Mar 02 12:34:24 UTC 2026","passed","Mon Mar 02 12:34:34 UTC 2026","Studio Generation (mocked)","ui/studio.spec.ts","",""
"","789","empty script keeps parse button disabled @ui","mobile-chrome","Mon Mar 02 12:34:52 UTC 2026","passed","Mon Mar 02 12:34:53 UTC 2026","Stock Footage — Script Parsing Edge Cases","ui/stock-footage-edge.spec.ts","",""
"","1841","Load More button appears and loads additional videos @ui","firefox","Mon Mar 02 12:35:00 UTC 2026","passed","Mon Mar 02 12:35:01 UTC 2026","History Page","ui/history.spec.ts","",""
"","3144","History page should have no a11y violations @a11y @regression","chromium","Mon Mar 02 12:34:29 UTC 2026","passed","Mon Mar 02 12:34:32 UTC 2026","Accessibility — WCAG 2.1 AA Scans","a11y/page-scans.spec.ts","",""
"","850","aspect ratio dropdown: Landscape (default), Portrait @smoke @ui","mobile-chrome","Mon Mar 02 12:34:56 UTC 2026","passed","Mon Mar 02 12:34:57 UTC 2026","Studio Page","ui/studio.spec.ts","",""
"","1578","path traversal in prompt does not cause server error @api @security","mobile-chrome","Mon Mar 02 12:34:42 UTC 2026","passed","Mon Mar 02 12:34:44 UTC 2026","Prompt Edge Cases — Security & Encoding","api/prompt-edge-cases.spec.ts","",""
"","665","generation trigger transitions to rendering state @smoke @ui @regression","mobile-chrome","Mon Mar 02 12:34:57 UTC 2026","skipped","Mon Mar 02 12:34:57 UTC 2026","Studio Generation (mocked)","ui/studio.spec.ts","",""
"","14448","script parsing shows loading then parsed shots @smoke @ui","firefox","Mon Mar 02 12:35:31 UTC 2026","passed","Mon Mar 02 12:35:46 UTC 2026","Stock Footage — Script Parsing","ui/stock-footage.spec.ts","",""
"","1273","previz_user_id cookie has SameSite attribute @security","chromium","Mon Mar 02 12:34:40 UTC 2026","passed","Mon Mar 02 12:34:41 UTC 2026","Security Headers Audit","api/security-headers.spec.ts","",""
"","1052","page loads with Video History heading @smoke @ui","firefox","Mon Mar 02 12:34:53 UTC 2026","passed","Mon Mar 02 12:34:54 UTC 2026","History Page","ui/history.spec.ts","",""
"","750","parse button disabled when textarea empty, enabled when filled @smoke @ui","firefox","Mon Mar 02 12:35:30 UTC 2026","passed","Mon Mar 02 12:35:31 UTC 2026","Stock Footage Page","ui/stock-footage.spec.ts","",""
"","939","navigate Studio → Stock Footage → History @smoke @ui","chromium","Mon Mar 02 12:34:43 UTC 2026","passed","Mon Mar 02 12:34:44 UTC 2026","Navigation","ui/navigation.spec.ts","",""
"","496","video-history with negative offset returns error or empty @api","firefox","Mon Mar 02 12:34:45 UTC 2026","passed","Mon Mar 02 12:34:45 UTC 2026","Negative Paths — API Contract Edge Cases","api/negative-paths.spec.ts","",""
"","726","video settings present with correct defaults @smoke @ui","mobile-chrome","Mon Mar 02 12:34:54 UTC 2026","passed","Mon Mar 02 12:34:54 UTC 2026","Stock Footage Page","ui/stock-footage.spec.ts","",""
"","1266","all 3 nav links visible on every page @smoke @ui","mobile-chrome","Mon Mar 02 12:34:51 UTC 2026","passed","Mon Mar 02 12:34:52 UTC 2026","Navigation","ui/navigation.spec.ts","",""
"","747","XSS payload in history is rendered as text, not executed @security","chromium","Mon Mar 02 12:34:36 UTC 2026","passed","Mon Mar 02 12:34:37 UTC 2026","Prompt Edge Cases — Security & Encoding","api/prompt-edge-cases.spec.ts","",""
"","26477","special characters in screenplay parse correctly @ui","webkit","Mon Mar 02 12:37:15 UTC 2026","passed","Mon Mar 02 12:37:42 UTC 2026","Stock Footage — Script Parsing Edge Cases","ui/stock-footage-edge.spec.ts","",""
"","2021","parse button disabled when textarea empty, enabled when filled @smoke @ui","webkit","Mon Mar 02 12:35:46 UTC 2026","passed","Mon Mar 02 12:35:48 UTC 2026","Stock Footage Page","ui/stock-footage.spec.ts","",""
"","762","Your Videos tab shows videos for current cookie @smoke @ui","chromium","Mon Mar 02 12:34:40 UTC 2026","passed","Mon Mar 02 12:34:41 UTC 2026","History Page","ui/history.spec.ts","",""
"","11573","start over button resets to input state @ui","firefox","Mon Mar 02 12:35:46 UTC 2026","passed","Mon Mar 02 12:35:58 UTC 2026","Stock Footage — Script Parsing","ui/stock-footage.spec.ts","",""
"","5749","studio generation form accessible at mobile width @ui @regression","mobile-chrome","Mon Mar 02 12:34:45 UTC 2026","passed","Mon Mar 02 12:34:51 UTC 2026","Mobile Viewport — Responsive Layout","ui/mobile.spec.ts","",""
"","1603","page loads with Video History heading @smoke @ui","webkit","Mon Mar 02 12:34:53 UTC 2026","passed","Mon Mar 02 12:34:54 UTC 2026","History Page","ui/history.spec.ts","",""
"","2326","previz_user_id cookie has HttpOnly flag @security","webkit","Mon Mar 02 12:34:50 UTC 2026","passed","Mon Mar 02 12:34:53 UTC 2026","Security Headers Audit","api/security-headers.spec.ts","",""
"","45","response includes X-Content-Type-Options: nosniff @api @security","chromium","Mon Mar 02 12:34:38 UTC 2026","passed","Mon Mar 02 12:34:38 UTC 2026","Security Headers Audit","api/security-headers.spec.ts","",""
"","756","studio handles generate-video 500 gracefully @ui @regression","webkit","Mon Mar 02 12:34:41 UTC 2026","skipped","Mon Mar 02 12:34:42 UTC 2026","Negative Paths — API Down & Error States","api/negative-paths.spec.ts","",""
"","1927","Studio page should have no a11y violations @a11y @regression","chromium","Mon Mar 02 12:34:29 UTC 2026","passed","Mon Mar 02 12:34:31 UTC 2026","Accessibility — WCAG 2.1 AA Scans","a11y/page-scans.spec.ts","",""
"","1349","template literal in prompt does not leak env vars @api @security","firefox","Mon Mar 02 12:34:50 UTC 2026","passed","Mon Mar 02 12:34:52 UTC 2026","Prompt Edge Cases — Security & Encoding","api/prompt-edge-cases.spec.ts","",""
"","1628","generate-video with invalid duration returns error @api","chromium","Mon Mar 02 12:34:34 UTC 2026","passed","Mon Mar 02 12:34:36 UTC 2026","Negative Paths — API Contract Edge Cases","api/negative-paths.spec.ts","",""
"","1776","Your Videos tab shows videos for current cookie @smoke @ui","webkit","Mon Mar 02 12:34:53 UTC 2026","passed","Mon Mar 02 12:34:55 UTC 2026","History Page","ui/history.spec.ts","",""
"","849","studio handles generate-video network failure @ui @regression","webkit","Mon Mar 02 12:34:42 UTC 2026","skipped","Mon Mar 02 12:34:43 UTC 2026","Negative Paths — API Down & Error States","api/negative-paths.spec.ts","",""
"","1094","innocent short prompts should not be flagged by moderation @api @regression","chromium","Mon Mar 02 12:34:33 UTC 2026","passed","Mon Mar 02 12:34:35 UTC 2026","Generation Pipeline — Data Integrity","api/generation-pipeline.spec.ts","",""
"","1231","unknown route returns 404 @smoke @ui","chromium","Mon Mar 02 12:34:44 UTC 2026","passed","Mon Mar 02 12:34:46 UTC 2026","Navigation","ui/navigation.spec.ts","",""
"","1769","navigate Studio → Stock Footage → History @smoke @ui","firefox","Mon Mar 02 12:35:04 UTC 2026","passed","Mon Mar 02 12:35:06 UTC 2026","Navigation","ui/navigation.spec.ts","",""
"","15794","dialogue-heavy script extracts shots @ui","firefox","Mon Mar 02 12:35:14 UTC 2026","passed","Mon Mar 02 12:35:30 UTC 2026","Stock Footage — Script Parsing Edge Cases","ui/stock-footage-edge.spec.ts","",""
"","826","XSS img tag is accepted without server error @api @security","chromium","Mon Mar 02 12:34:36 UTC 2026","passed","Mon Mar 02 12:34:37 UTC 2026","Prompt Edge Cases — Security & Encoding","api/prompt-edge-cases.spec.ts","",""
"","1771","stock footage handles parse failure @ui @regression","firefox","Mon Mar 02 12:34:43 UTC 2026","passed","Mon Mar 02 12:34:45 UTC 2026","Negative Paths — API Down & Error States","api/negative-paths.spec.ts","",""
"","448","video-status should return sanitized error for invalid taskId @api @regression","chromium","Mon Mar 02 12:34:33 UTC 2026","passed","Mon Mar 02 12:34:33 UTC 2026","Generation Pipeline — Data Integrity","api/generation-pipeline.spec.ts","",""
"","1654","emoji prompt is accepted @api","webkit","Mon Mar 02 12:34:48 UTC 2026","passed","Mon Mar 02 12:34:50 UTC 2026","Prompt Edge Cases — Security & Encoding","api/prompt-edge-cases.spec.ts","",""
"","723","XSS payload in history is rendered as text, not executed @security","mobile-chrome","Mon Mar 02 12:34:39 UTC 2026","passed","Mon Mar 02 12:34:40 UTC 2026","Prompt Edge Cases — Security & Encoding","api/prompt-edge-cases.spec.ts","",""
"","1914","video settings present with correct defaults @smoke @ui","webkit","Mon Mar 02 12:35:48 UTC 2026","passed","Mon Mar 02 12:35:50 UTC 2026","Stock Footage Page","ui/stock-footage.spec.ts","",""
"","13385","two-scene script extracts multiple shots with editable prompts @ui","firefox","Mon Mar 02 12:35:32 UTC 2026","passed","Mon Mar 02 12:35:45 UTC 2026","Stock Footage — Script Parsing","ui/stock-footage.spec.ts","",""
"","1557","unknown route returns 404 @smoke @ui","webkit","Mon Mar 02 12:35:06 UTC 2026","passed","Mon Mar 02 12:35:07 UTC 2026","Navigation","ui/navigation.spec.ts","",""
"","1720","video count spinner defaults to 3 with min=1 max=5 @smoke @ui","webkit","Mon Mar 02 12:36:26 UTC 2026","passed","Mon Mar 02 12:36:28 UTC 2026","Studio Page","ui/studio.spec.ts","",""
"","5687","nav links are clickable at mobile width @ui @regression","mobile-chrome","Mon Mar 02 12:34:45 UTC 2026","passed","Mon Mar 02 12:34:51 UTC 2026","Mobile Viewport — Responsive Layout","ui/mobile.spec.ts","",""
"","1546","video cards display status badges @ui","firefox","Mon Mar 02 12:34:54 UTC 2026","passed","Mon Mar 02 12:34:56 UTC 2026","History Page","ui/history.spec.ts","",""
"","1607","path traversal in prompt does not cause server error @api @security","chromium","Mon Mar 02 12:34:38 UTC 2026","passed","Mon Mar 02 12:34:39 UTC 2026","Prompt Edge Cases — Security & Encoding","api/prompt-edge-cases.spec.ts","",""
"","721","whitespace-only script keeps parse button disabled @ui","mobile-chrome","Mon Mar 02 12:34:52 UTC 2026","passed","Mon Mar 02 12:34:53 UTC 2026","Stock Footage — Script Parsing Edge Cases","ui/stock-footage-edge.spec.ts","",""
"","3109","generation trigger transitions to rendering state @smoke @ui @regression","firefox","Mon Mar 02 12:34:30 UTC 2026","passed","Mon Mar 02 12:34:33 UTC 2026","Studio Generation (mocked)","ui/studio.spec.ts","",""
"","1209","XSS img tag is accepted without server error @api @security","webkit","Mon Mar 02 12:34:46 UTC 2026","passed","Mon Mar 02 12:34:47 UTC 2026","Prompt Edge Cases — Security & Encoding","api/prompt-edge-cases.spec.ts","",""
"","14685","single word input parses without crash @ui","webkit","Mon Mar 02 12:35:10 UTC 2026","passed","Mon Mar 02 12:35:24 UTC 2026","Stock Footage — Script Parsing Edge Cases","ui/stock-footage-edge.spec.ts","",""
"","2405","button text reflects video count @smoke @ui","webkit","Mon Mar 02 12:36:30 UTC 2026","passed","Mon Mar 02 12:36:32 UTC 2026","Studio Page","ui/studio.spec.ts","",""
"","3101","History page should have no a11y violations @a11y @regression","mobile-chrome","Mon Mar 02 12:34:28 UTC 2026","passed","Mon Mar 02 12:34:31 UTC 2026","Accessibility — WCAG 2.1 AA Scans","a11y/page-scans.spec.ts","",""
"","6487","Studio page should have no a11y violations @a11y @regression","webkit","Mon Mar 02 12:34:30 UTC 2026","passed","Mon Mar 02 12:34:37 UTC 2026","Accessibility — WCAG 2.1 AA Scans","a11y/page-scans.spec.ts","",""
"","2172","previz_user_id cookie has SameSite attribute @security","webkit","Mon Mar 02 12:34:51 UTC 2026","passed","Mon Mar 02 12:34:53 UTC 2026","Security Headers Audit","api/security-headers.spec.ts","",""
"","283","API endpoints do not expose server version headers @api @security","mobile-chrome","Mon Mar 02 12:34:43 UTC 2026","passed","Mon Mar 02 12:34:43 UTC 2026","Security Headers Audit","api/security-headers.spec.ts","",""
"","18450","shot headings show correct numbering @ui","firefox","Mon Mar 02 12:35:45 UTC 2026","passed","Mon Mar 02 12:36:04 UTC 2026","Stock Footage — Script Parsing","ui/stock-footage.spec.ts","",""
"","1058","homepage loads with title and heading @smoke @ui","firefox","Mon Mar 02 12:35:03 UTC 2026","passed","Mon Mar 02 12:35:04 UTC 2026","Navigation","ui/navigation.spec.ts","",""
"","811","video count spinner defaults to 3 with min=1 max=5 @smoke @ui","mobile-chrome","Mon Mar 02 12:34:55 UTC 2026","passed","Mon Mar 02 12:34:56 UTC 2026","Studio Page","ui/studio.spec.ts","",""
"","1953","XSS script tag is accepted without server error @api @security","chromium","Mon Mar 02 12:34:36 UTC 2026","passed","Mon Mar 02 12:34:38 UTC 2026","Prompt Edge Cases — Security & Encoding","api/prompt-edge-cases.spec.ts","",""
"","1432","emoji prompt is accepted @api","mobile-chrome","Mon Mar 02 12:34:40 UTC 2026","passed","Mon Mar 02 12:34:41 UTC 2026","Prompt Edge Cases — Security & Encoding","api/prompt-edge-cases.spec.ts","",""
"","102","whitespace-only prompt returns 400 @api","firefox","Mon Mar 02 12:34:49 UTC 2026","passed","Mon Mar 02 12:34:49 UTC 2026","Prompt Edge Cases — Security & Encoding","api/prompt-edge-cases.spec.ts","",""
"","1086","empty script keeps parse button disabled @ui","chromium","Mon Mar 02 12:34:45 UTC 2026","passed","Mon Mar 02 12:34:46 UTC 2026","Stock Footage — Script Parsing Edge Cases","ui/stock-footage-edge.spec.ts","",""
"","481","generate button disabled when prompt empty @smoke @ui","chromium","Mon Mar 02 12:35:23 UTC 2026","passed","Mon Mar 02 12:35:23 UTC 2026","Studio Page","ui/studio.spec.ts","",""
"","1331","path traversal in prompt does not cause server error @api @security","webkit","Mon Mar 02 12:34:49 UTC 2026","passed","Mon Mar 02 12:34:50 UTC 2026","Prompt Edge Cases — Security & Encoding","api/prompt-edge-cases.spec.ts","",""
"","1216","video-history with huge limit is handled @api","firefox","Mon Mar 02 12:34:45 UTC 2026","passed","Mon Mar 02 12:34:46 UTC 2026","Negative Paths — API Contract Edge Cases","api/negative-paths.spec.ts","",""
"","1953","Your Videos tab shows empty state for fresh browser @ui","webkit","Mon Mar 02 12:34:58 UTC 2026","passed","Mon Mar 02 12:35:00 UTC 2026","History Page — Fresh Session","ui/history.spec.ts","",""
"","3058","All Videos tab shows videos with count > 0 @smoke @ui","webkit","Mon Mar 02 12:34:53 UTC 2026","passed","Mon Mar 02 12:34:56 UTC 2026","History Page","ui/history.spec.ts","",""
"","878","Your Videos tab shows videos for current cookie @smoke @ui","firefox","Mon Mar 02 12:34:53 UTC 2026","passed","Mon Mar 02 12:34:54 UTC 2026","History Page","ui/history.spec.ts","",""
"","84","studio handles generate-video network failure @ui @regression","chromium","Mon Mar 02 12:34:34 UTC 2026","skipped","Mon Mar 02 12:34:34 UTC 2026","Negative Paths — API Down & Error States","api/negative-paths.spec.ts","",""
"","531","video settings present with correct defaults @smoke @ui","chromium","Mon Mar 02 12:35:04 UTC 2026","passed","Mon Mar 02 12:35:05 UTC 2026","Stock Footage Page","ui/stock-footage.spec.ts","",""
"","1197","generate-video should include rate limiting headers @api @regression","mobile-chrome","Mon Mar 02 12:34:37 UTC 2026","passed","Mon Mar 02 12:34:38 UTC 2026","Generation Pipeline — Data Integrity","api/generation-pipeline.spec.ts","",""
"","2129","previz_user_id cookie has Secure flag @security","webkit","Mon Mar 02 12:34:50 UTC 2026","passed","Mon Mar 02 12:34:52 UTC 2026","Security Headers Audit","api/security-headers.spec.ts","",""
"","1179","Your Videos tab shows empty state for fresh browser @ui","firefox","Mon Mar 02 12:35:01 UTC 2026","passed","Mon Mar 02 12:35:03 UTC 2026","History Page — Fresh Session","ui/history.spec.ts","",""
"","725","text without scene headings still parses @ui","mobile-chrome","Mon Mar 02 12:34:53 UTC 2026","skipped","Mon Mar 02 12:34:53 UTC 2026","Stock Footage — Script Parsing Edge Cases","ui/stock-footage-edge.spec.ts","",""
"","355","GET /api/video-history returns videos array with expected shape @api @smoke @regression","mobile-chrome","Mon Mar 02 12:34:37 UTC 2026","passed","Mon Mar 02 12:34:37 UTC 2026","Generation Pipeline API","api/generation-pipeline.spec.ts","",""
"","348","API endpoints do not expose server version headers @api @security","chromium","Mon Mar 02 12:34:40 UTC 2026","passed","Mon Mar 02 12:34:40 UTC 2026","Security Headers Audit","api/security-headers.spec.ts","",""
"","1785","all 3 nav links visible on every page @smoke @ui","chromium","Mon Mar 02 12:34:44 UTC 2026","passed","Mon Mar 02 12:34:46 UTC 2026","Navigation","ui/navigation.spec.ts","",""
"","11751","unicode screenplay text parses without errors @ui","firefox","Mon Mar 02 12:35:14 UTC 2026","passed","Mon Mar 02 12:35:26 UTC 2026","Stock Footage — Script Parsing Edge Cases","ui/stock-footage-edge.spec.ts","",""
"","362","video history should have valid aspect_ratio values @api @regression","firefox","Mon Mar 02 12:34:39 UTC 2026","passed","Mon Mar 02 12:34:39 UTC 2026","Generation Pipeline — Data Integrity","api/generation-pipeline.spec.ts","",""
"","1533","very long prompt is handled without 500 @api","firefox","Mon Mar 02 12:34:49 UTC 2026","passed","Mon Mar 02 12:34:50 UTC 2026","Prompt Edge Cases — Security & Encoding","api/prompt-edge-cases.spec.ts","",""
"","2557","History page should have no a11y violations @a11y @regression","firefox","Mon Mar 02 12:34:33 UTC 2026","passed","Mon Mar 02 12:34:35 UTC 2026","Accessibility — WCAG 2.1 AA Scans","a11y/page-scans.spec.ts","",""
"","354","API endpoints do not expose server version headers @api @security","webkit","Mon Mar 02 12:34:53 UTC 2026","passed","Mon Mar 02 12:34:53 UTC 2026","Security Headers Audit","api/security-headers.spec.ts","",""
"","1212","logo returns to Studio from any page @smoke @ui","firefox","Mon Mar 02 12:35:06 UTC 2026","passed","Mon Mar 02 12:35:07 UTC 2026","Navigation","ui/navigation.spec.ts","",""
"","134","POST /api/generate-video with empty prompt returns 400 @api @smoke","chromium","Mon Mar 02 12:34:30 UTC 2026","passed","Mon Mar 02 12:34:30 UTC 2026","Generation Pipeline API","api/generation-pipeline.spec.ts","",""
"","677","aspect ratio dropdown: Landscape (default), Portrait @smoke @ui","firefox","Mon Mar 02 12:35:51 UTC 2026","passed","Mon Mar 02 12:35:52 UTC 2026","Studio Page","ui/studio.spec.ts","",""
"","624","HQ mode label and toggle visible @smoke @ui","firefox","Mon Mar 02 12:35:52 UTC 2026","passed","Mon Mar 02 12:35:53 UTC 2026","Studio Page","ui/studio.spec.ts","",""
"","963","Your Videos tab shows empty state for fresh browser @ui","mobile-chrome","Mon Mar 02 12:34:45 UTC 2026","passed","Mon Mar 02 12:34:46 UTC 2026","History Page — Fresh Session","ui/history.spec.ts","",""
"","1413","XSS img tag is accepted without server error @api @security","mobile-chrome","Mon Mar 02 12:34:38 UTC 2026","passed","Mon Mar 02 12:34:40 UTC 2026","Prompt Edge Cases — Security & Encoding","api/prompt-edge-cases.spec.ts","",""
"","888","Load More button appears and loads additional videos @ui","mobile-chrome","Mon Mar 02 12:34:44 UTC 2026","skipped","Mon Mar 02 12:34:45 UTC 2026","History Page","ui/history.spec.ts","",""
"","792","HQ mode label and toggle visible @smoke @ui","mobile-chrome","Mon Mar 02 12:34:56 UTC 2026","passed","Mon Mar 02 12:34:57 UTC 2026","Studio Page","ui/studio.spec.ts","",""
"","6568","XSS script tag is accepted without server error @api @security","firefox","Mon Mar 02 12:34:46 UTC 2026","passed","Mon Mar 02 12:34:52 UTC 2026","Prompt Edge Cases — Security & Encoding","api/prompt-edge-cases.spec.ts","",""
"","60","response includes X-Content-Type-Options: nosniff @api @security","webkit","Mon Mar 02 12:34:50 UTC 2026","passed","Mon Mar 02 12:34:50 UTC 2026","Security Headers Audit","api/security-headers.spec.ts","",""
"","1499","Load More button appears and loads additional videos @ui","chromium","Mon Mar 02 12:34:42 UTC 2026","passed","Mon Mar 02 12:34:44 UTC 2026","History Page","ui/history.spec.ts","",""
"","372","video history should have valid aspect_ratio values @api @regression","webkit","Mon Mar 02 12:34:39 UTC 2026","passed","Mon Mar 02 12:34:39 UTC 2026","Generation Pipeline — Data Integrity","api/generation-pipeline.spec.ts","",""
"","12613","text without scene headings still parses @ui","chromium","Mon Mar 02 12:34:46 UTC 2026","passed","Mon Mar 02 12:34:58 UTC 2026","Stock Footage — Script Parsing Edge Cases","ui/stock-footage-edge.spec.ts","",""
"","151","navigate Studio → Stock Footage → History @smoke @ui","mobile-chrome","Mon Mar 02 12:34:51 UTC 2026","skipped","Mon Mar 02 12:34:51 UTC 2026","Navigation","ui/navigation.spec.ts","",""
"","889","generate button enables on input, disables on clear @smoke @ui","mobile-chrome","Mon Mar 02 12:34:55 UTC 2026","passed","Mon Mar 02 12:34:56 UTC 2026","Studio Page","ui/studio.spec.ts","",""
"","1555","unicode prompt is accepted @api","webkit","Mon Mar 02 12:34:47 UTC 2026","passed","Mon Mar 02 12:34:49 UTC 2026","Prompt Edge Cases — Security & Encoding","api/prompt-edge-cases.spec.ts","",""
"","3451","failed videos show error message @ui","firefox","Mon Mar 02 12:34:56 UTC 2026","passed","Mon Mar 02 12:35:00 UTC 2026","History Page","ui/history.spec.ts","",""
"","1209","video-history with huge limit is handled @api","webkit","Mon Mar 02 12:34:45 UTC 2026","passed","Mon Mar 02 12:34:46 UTC 2026","Negative Paths — API Contract Edge Cases","api/negative-paths.spec.ts","",""
"","655","XSS img tag is accepted without server error @api @security","firefox","Mon Mar 02 12:34:46 UTC 2026","passed","Mon Mar 02 12:34:47 UTC 2026","Prompt Edge Cases — Security & Encoding","api/prompt-edge-cases.spec.ts","",""
"","1463","previz_user_id cookie has HttpOnly flag @security","mobile-chrome","Mon Mar 02 12:34:41 UTC 2026","passed","Mon Mar 02 12:34:43 UTC 2026","Security Headers Audit","api/security-headers.spec.ts","",""
"","2279","studio page layout @visual","chromium","Mon Mar 02 12:34:39 UTC 2026","failed","Mon Mar 02 12:34:41 UTC 2026","Visual Regression — Page Snapshots","visual/page-snapshots.spec.ts","",""
"","75","studio handles generate-video 500 gracefully @ui @regression","chromium","Mon Mar 02 12:34:34 UTC 2026","skipped","Mon Mar 02 12:34:34 UTC 2026","Negative Paths — API Down & Error States","api/negative-paths.spec.ts","",""
"","521","generate button enables on input, disables on clear @smoke @ui","chromium","Mon Mar 02 12:35:23 UTC 2026","passed","Mon Mar 02 12:35:24 UTC 2026","Studio Page","ui/studio.spec.ts","",""
"","14150","script parsing shows loading then parsed shots @smoke @ui","webkit","Mon Mar 02 12:35:48 UTC 2026","passed","Mon Mar 02 12:36:03 UTC 2026","Stock Footage — Script Parsing","ui/stock-footage.spec.ts","",""
"","21390","special characters in screenplay parse correctly @ui","firefox","Mon Mar 02 12:35:26 UTC 2026","passed","Mon Mar 02 12:35:48 UTC 2026","Stock Footage — Script Parsing Edge Cases","ui/stock-footage-edge.spec.ts","",""
"","922","logo returns to Studio from any page @smoke @ui","mobile-chrome","Mon Mar 02 12:34:51 UTC 2026","passed","Mon Mar 02 12:34:52 UTC 2026","Navigation","ui/navigation.spec.ts","",""
"","495","GET /api/video-history with filter=mine returns cookie-filtered videos @api","chromium","Mon Mar 02 12:34:32 UTC 2026","passed","Mon Mar 02 12:34:33 UTC 2026","Generation Pipeline API","api/generation-pipeline.spec.ts","",""
"","485","video count spinner defaults to 3 with min=1 max=5 @smoke @ui","chromium","Mon Mar 02 12:35:24 UTC 2026","passed","Mon Mar 02 12:35:25 UTC 2026","Studio Page","ui/studio.spec.ts","",""
"","1031","completed videos have playable video elements @ui @regression","mobile-chrome","Mon Mar 02 12:34:44 UTC 2026","skipped","Mon Mar 02 12:34:45 UTC 2026","History Page","ui/history.spec.ts","",""
"","1089","innocent short prompts should not be flagged by moderation @api @regression","firefox","Mon Mar 02 12:34:40 UTC 2026","passed","Mon Mar 02 12:34:41 UTC 2026","Generation Pipeline — Data Integrity","api/generation-pipeline.spec.ts","",""
"","1825","very long prompt is handled without 500 @api","chromium","Mon Mar 02 12:34:38 UTC 2026","passed","Mon Mar 02 12:34:40 UTC 2026","Prompt Edge Cases — Security & Encoding","api/prompt-edge-cases.spec.ts","",""
"","518","button text reflects video count @smoke @ui","chromium","Mon Mar 02 12:35:24 UTC 2026","passed","Mon Mar 02 12:35:24 UTC 2026","Studio Page","ui/studio.spec.ts","",""
"","689","button text reflects video count @smoke @ui","firefox","Mon Mar 02 12:35:49 UTC 2026","passed","Mon Mar 02 12:35:50 UTC 2026","Studio Page","ui/studio.spec.ts","",""
"","688","studio handles video-status polling timeout @ui @regression","chromium","Mon Mar 02 12:34:34 UTC 2026","passed","Mon Mar 02 12:34:34 UTC 2026","Negative Paths — API Down & Error States","api/negative-paths.spec.ts","",""
"","3306","Studio page should have no a11y violations @a11y @regression","firefox","Mon Mar 02 12:34:29 UTC 2026","passed","Mon Mar 02 12:34:32 UTC 2026","Accessibility — WCAG 2.1 AA Scans","a11y/page-scans.spec.ts","",""
"","1191","generate-video should include rate limiting headers @api @regression","webkit","Mon Mar 02 12:34:40 UTC 2026","passed","Mon Mar 02 12:34:41 UTC 2026","Generation Pipeline — Data Integrity","api/generation-pipeline.spec.ts","",""
"","650","dialogue-heavy script extracts shots @ui","mobile-chrome","Mon Mar 02 12:34:53 UTC 2026","skipped","Mon Mar 02 12:34:53 UTC 2026","Stock Footage — Script Parsing Edge Cases","ui/stock-footage-edge.spec.ts","",""
"","597","stock footage handles parse failure @ui @regression","chromium","Mon Mar 02 12:34:34 UTC 2026","passed","Mon Mar 02 12:34:34 UTC 2026","Negative Paths — API Down & Error States","api/negative-paths.spec.ts","",""
"","427","video history should have valid aspect_ratio values @api @regression","chromium","Mon Mar 02 12:34:33 UTC 2026","passed","Mon Mar 02 12:34:33 UTC 2026","Generation Pipeline — Data Integrity","api/generation-pipeline.spec.ts","",""
"","1526","previz_user_id cookie has HttpOnly flag @security","firefox","Mon Mar 02 12:34:52 UTC 2026","passed","Mon Mar 02 12:34:53 UTC 2026","Security Headers Audit","api/security-headers.spec.ts","",""
"","990","empty script keeps parse button disabled @ui","firefox","Mon Mar 02 12:35:08 UTC 2026","passed","Mon Mar 02 12:35:09 UTC 2026","Stock Footage — Script Parsing Edge Cases","ui/stock-footage-edge.spec.ts","",""
"","503","GET /api/video-history returns videos array with expected shape @api @smoke @regression","firefox","Mon Mar 02 12:34:38 UTC 2026","passed","Mon Mar 02 12:34:38 UTC 2026","Generation Pipeline API","api/generation-pipeline.spec.ts","",""
"","1028","studio handles video-status polling timeout @ui @regression","firefox","Mon Mar 02 12:34:42 UTC 2026","passed","Mon Mar 02 12:34:43 UTC 2026","Negative Paths — API Down & Error States","api/negative-paths.spec.ts","",""
"","11433","shot headings show correct numbering @ui","webkit","Mon Mar 02 12:36:03 UTC 2026","passed","Mon Mar 02 12:36:14 UTC 2026","Stock Footage — Script Parsing","ui/stock-footage.spec.ts","",""
"","1153","studio handles generate-video network failure @ui @regression","firefox","Mon Mar 02 12:34:43 UTC 2026","skipped","Mon Mar 02 12:34:44 UTC 2026","Negative Paths — API Down & Error States","api/negative-paths.spec.ts","",""
"","796","logo returns to Studio from any page @smoke @ui","chromium","Mon Mar 02 12:34:44 UTC 2026","passed","Mon Mar 02 12:34:45 UTC 2026","Navigation","ui/navigation.spec.ts","",""
"","1792","generate-video with invalid duration returns error @api","firefox","Mon Mar 02 12:34:44 UTC 2026","passed","Mon Mar 02 12:34:46 UTC 2026","Negative Paths — API Contract Edge Cases","api/negative-paths.spec.ts","",""
"","510","default aspect ratio is Portrait @smoke @ui","chromium","Mon Mar 02 12:35:04 UTC 2026","passed","Mon Mar 02 12:35:04 UTC 2026","Stock Footage Page","ui/stock-footage.spec.ts","",""
"","107","whitespace-only prompt returns 400 @api","chromium","Mon Mar 02 12:34:38 UTC 2026","passed","Mon Mar 02 12:34:38 UTC 2026","Prompt Edge Cases — Security & Encoding","api/prompt-edge-cases.spec.ts","",""
"","589","aspect ratio dropdown: Landscape (default), Portrait @smoke @ui","chromium","Mon Mar 02 12:35:26 UTC 2026","passed","Mon Mar 02 12:35:26 UTC 2026","Studio Page","ui/studio.spec.ts","",""
"","19","response includes Strict-Transport-Security @api @security","mobile-chrome","Mon Mar 02 12:34:41 UTC 2026","passed","Mon Mar 02 12:34:41 UTC 2026","Security Headers Audit","api/security-headers.spec.ts","",""
"","2806","all 3 nav links visible on every page @smoke @ui","webkit","Mon Mar 02 12:35:05 UTC 2026","passed","Mon Mar 02 12:35:08 UTC 2026","Navigation","ui/navigation.spec.ts","",""
"","348","video-history with negative offset returns error or empty @api","webkit","Mon Mar 02 12:34:44 UTC 2026","passed","Mon Mar 02 12:34:45 UTC 2026","Negative Paths — API Contract Edge Cases","api/negative-paths.spec.ts","",""
"","1356","previz_user_id cookie has SameSite attribute @security","mobile-chrome","Mon Mar 02 12:34:41 UTC 2026","passed","Mon Mar 02 12:34:43 UTC 2026","Security Headers Audit","api/security-headers.spec.ts","",""
"","2792","completed videos have playable video elements @ui @regression","webkit","Mon Mar 02 12:34:55 UTC 2026","skipped","Mon Mar 02 12:34:58 UTC 2026","History Page","ui/history.spec.ts","",""
"","1673","GET /api/video-status with valid taskId returns status object @api","webkit","Mon Mar 02 12:35:12 UTC 2026","passed","Mon Mar 02 12:35:13 UTC 2026","Generation Pipeline API","api/generation-pipeline.spec.ts","",""
"","587","template literal in prompt does not leak env vars @api @security","mobile-chrome","Mon Mar 02 12:34:41 UTC 2026","passed","Mon Mar 02 12:34:41 UTC 2026","Prompt Edge Cases — Security & Encoding","api/prompt-edge-cases.spec.ts","",""
"","699","unicode screenplay text parses without errors @ui","mobile-chrome","Mon Mar 02 12:34:53 UTC 2026","skipped","Mon Mar 02 12:34:53 UTC 2026","Stock Footage — Script Parsing Edge Cases","ui/stock-footage-edge.spec.ts","",""
"","1295","HQ mode label and toggle visible @smoke @ui","webkit","Mon Mar 02 12:36:32 UTC 2026","passed","Mon Mar 02 12:36:33 UTC 2026","Studio Page","ui/studio.spec.ts","",""
"","1542","SQL injection string is accepted without server error @api @security","mobile-chrome","Mon Mar 02 12:34:38 UTC 2026","passed","Mon Mar 02 12:34:39 UTC 2026","Prompt Edge Cases — Security & Encoding","api/prompt-edge-cases.spec.ts","",""
"","651","special characters in screenplay parse correctly @ui","mobile-chrome","Mon Mar 02 12:34:53 UTC 2026","skipped","Mon Mar 02 12:34:54 UTC 2026","Stock Footage — Script Parsing Edge Cases","ui/stock-footage-edge.spec.ts","",""
"","1411","unicode prompt is accepted @api","mobile-chrome","Mon Mar 02 12:34:40 UTC 2026","passed","Mon Mar 02 12:34:41 UTC 2026","Prompt Edge Cases — Security & Encoding","api/prompt-edge-cases.spec.ts","",""
"","2027","generate button enables on input, disables on clear @smoke @ui","webkit","Mon Mar 02 12:36:18 UTC 2026","passed","Mon Mar 02 12:36:20 UTC 2026","Studio Page","ui/studio.spec.ts","",""
"","1241","XSS script tag is accepted without server error @api @security","webkit","Mon Mar 02 12:34:46 UTC 2026","passed","Mon Mar 02 12:34:47 UTC 2026","Prompt Edge Cases — Security & Encoding","api/prompt-edge-cases.spec.ts","",""
"","861","innocent short prompts should not be flagged by moderation @api @regression","mobile-chrome","Mon Mar 02 12:34:37 UTC 2026","passed","Mon Mar 02 12:34:38 UTC 2026","Generation Pipeline — Data Integrity","api/generation-pipeline.spec.ts","",""
"","758","path traversal in prompt does not cause server error @api @security","firefox","Mon Mar 02 12:34:50 UTC 2026","passed","Mon Mar 02 12:34:50 UTC 2026","Prompt Edge Cases — Security & Encoding","api/prompt-edge-cases.spec.ts","",""
"","12137","start over button resets to input state @ui","webkit","Mon Mar 02 12:36:14 UTC 2026","passed","Mon Mar 02 12:36:26 UTC 2026","Stock Footage — Script Parsing","ui/stock-footage.spec.ts","",""
"","467","video-history with negative offset returns error or empty @api","chromium","Mon Mar 02 12:34:34 UTC 2026","passed","Mon Mar 02 12:34:35 UTC 2026","Negative Paths — API Contract Edge Cases","api/negative-paths.spec.ts","",""
"","2362","whitespace-only script keeps parse button disabled @ui","webkit","Mon Mar 02 12:35:08 UTC 2026","passed","Mon Mar 02 12:35:10 UTC 2026","Stock Footage — Script Parsing Edge Cases","ui/stock-footage-edge.spec.ts","",""
"","4687","whitespace-only script keeps parse button disabled @ui","firefox","Mon Mar 02 12:35:09 UTC 2026","passed","Mon Mar 02 12:35:13 UTC 2026","Stock Footage — Script Parsing Edge Cases","ui/stock-footage-edge.spec.ts","",""
"","1821","POST /api/generate-video with valid payload returns 200 + taskId @api @smoke @regression","webkit","Mon Mar 02 12:34:39 UTC 2026","passed","Mon Mar 02 12:34:41 UTC 2026","Generation Pipeline API","api/generation-pipeline.spec.ts","",""
"","415","video-status should return sanitized error for invalid taskId @api @regression","firefox","Mon Mar 02 12:34:39 UTC 2026","passed","Mon Mar 02 12:34:39 UTC 2026","Generation Pipeline — Data Integrity","api/generation-pipeline.spec.ts","",""
"","763","default aspect ratio is Portrait @smoke @ui","firefox","Mon Mar 02 12:35:31 UTC 2026","passed","Mon Mar 02 12:35:31 UTC 2026","Stock Footage Page","ui/stock-footage.spec.ts","",""
"","1736","video cards display status badges @ui","chromium","Mon Mar 02 12:34:41 UTC 2026","passed","Mon Mar 02 12:34:42 UTC 2026","History Page","ui/history.spec.ts","",""
"","10405","two-scene script extracts multiple shots with editable prompts @ui","chromium","Mon Mar 02 12:35:12 UTC 2026","passed","Mon Mar 02 12:35:23 UTC 2026","Stock Footage — Script Parsing","ui/stock-footage.spec.ts","",""
"","96","GET /api/video-status without taskId returns 400 @api @smoke","mobile-chrome","Mon Mar 02 12:34:33 UTC 2026","passed","Mon Mar 02 12:34:34 UTC 2026","Generation Pipeline API","api/generation-pipeline.spec.ts","",""
"","745","page loads with Video History heading @smoke @ui","chromium","Mon Mar 02 12:34:40 UTC 2026","passed","Mon Mar 02 12:34:41 UTC 2026","History Page","ui/history.spec.ts","",""
"","1862","POST /api/generate-video with valid payload returns 200 + taskId @api @smoke @regression","mobile-chrome","Mon Mar 02 12:34:31 UTC 2026","passed","Mon Mar 02 12:34:33 UTC 2026","Generation Pipeline API","api/generation-pipeline.spec.ts","",""
"","1481","SQL injection string is accepted without server error @api @security","firefox","Mon Mar 02 12:34:46 UTC 2026","passed","Mon Mar 02 12:34:47 UTC 2026","Prompt Edge Cases — Security & Encoding","api/prompt-edge-cases.spec.ts","",""
"","269","POST /api/generate-video with empty prompt returns 400 @api @smoke","webkit","Mon Mar 02 12:34:38 UTC 2026","passed","Mon Mar 02 12:34:38 UTC 2026","Generation Pipeline API","api/generation-pipeline.spec.ts","",""
"","2658","logo returns to Studio from any page @smoke @ui","webkit","Mon Mar 02 12:35:03 UTC 2026","passed","Mon Mar 02 12:35:06 UTC 2026","Navigation","ui/navigation.spec.ts","",""
"","21008","unicode screenplay text parses without errors @ui","webkit","Mon Mar 02 12:35:25 UTC 2026","passed","Mon Mar 02 12:35:46 UTC 2026","Stock Footage — Script Parsing Edge Cases","ui/stock-footage-edge.spec.ts","",""
"","622","generate button disabled when prompt empty @smoke @ui","firefox","Mon Mar 02 12:35:48 UTC 2026","passed","Mon Mar 02 12:35:48 UTC 2026","Studio Page","ui/studio.spec.ts","",""
"","2884","video cards display status badges @ui","webkit","Mon Mar 02 12:34:54 UTC 2026","passed","Mon Mar 02 12:34:57 UTC 2026","History Page","ui/history.spec.ts","",""
"","11922","shot headings show correct numbering @ui","chromium","Mon Mar 02 12:35:15 UTC 2026","passed","Mon Mar 02 12:35:27 UTC 2026","Stock Footage — Script Parsing","ui/stock-footage.spec.ts","",""
"","789","failed videos show error message @ui","mobile-chrome","Mon Mar 02 12:34:44 UTC 2026","skipped","Mon Mar 02 12:34:45 UTC 2026","History Page","ui/history.spec.ts","",""
"","1849","duration dropdown has 4s, 8s (default), 12s @smoke @ui","webkit","Mon Mar 02 12:36:28 UTC 2026","passed","Mon Mar 02 12:36:30 UTC 2026","Studio Page","ui/studio.spec.ts","",""
"","30","response includes Strict-Transport-Security @api @security","firefox","Mon Mar 02 12:34:51 UTC 2026","passed","Mon Mar 02 12:34:51 UTC 2026","Security Headers Audit","api/security-headers.spec.ts","",""
"","1320","previz_user_id cookie has Secure flag @security","firefox","Mon Mar 02 12:34:51 UTC 2026","passed","Mon Mar 02 12:34:52 UTC 2026","Security Headers Audit","api/security-headers.spec.ts","",""
"","827","page loads with Video History heading @smoke @ui","mobile-chrome","Mon Mar 02 12:34:43 UTC 2026","passed","Mon Mar 02 12:34:44 UTC 2026","History Page","ui/history.spec.ts","",""
"","7108","single word input parses without crash @ui","chromium","Mon Mar 02 12:34:46 UTC 2026","passed","Mon Mar 02 12:34:53 UTC 2026","Stock Footage — Script Parsing Edge Cases","ui/stock-footage-edge.spec.ts","",""
"","44","response includes X-Frame-Options @api @security","chromium","Mon Mar 02 12:34:38 UTC 2026","passed","Mon Mar 02 12:34:38 UTC 2026","Security Headers Audit","api/security-headers.spec.ts","",""
"","334","GET /api/video-history with filter=mine returns cookie-filtered videos @api","firefox","Mon Mar 02 12:34:38 UTC 2026","passed","Mon Mar 02 12:34:39 UTC 2026","Generation Pipeline API","api/generation-pipeline.spec.ts","",""
"","1638","All Videos tab shows videos with count > 0 @smoke @ui","chromium","Mon Mar 02 12:34:41 UTC 2026","passed","Mon Mar 02 12:34:42 UTC 2026","History Page","ui/history.spec.ts","",""
"","22500","text without scene headings still parses @ui","webkit","Mon Mar 02 12:35:10 UTC 2026","passed","Mon Mar 02 12:35:33 UTC 2026","Stock Footage — Script Parsing Edge Cases","ui/stock-footage-edge.spec.ts","",""
"","3843","completed videos have playable video elements @ui @regression","firefox","Mon Mar 02 12:35:08 UTC 2026","failed","Mon Mar 02 12:35:12 UTC 2026","History Page","ui/history.spec.ts","",""
"","677","script parsing shows loading then parsed shots @smoke @ui","mobile-chrome","Mon Mar 02 12:34:54 UTC 2026","skipped","Mon Mar 02 12:34:55 UTC 2026","Stock Footage — Script Parsing","ui/stock-footage.spec.ts","",""
"","13277","two-scene script extracts multiple shots with editable prompts @ui","webkit","Mon Mar 02 12:35:50 UTC 2026","passed","Mon Mar 02 12:36:03 UTC 2026","Stock Footage — Script Parsing","ui/stock-footage.spec.ts","",""
"","3860","previz_user_id cookie has SameSite attribute @security","firefox","Mon Mar 02 12:35:02 UTC 2026","failed","Mon Mar 02 12:35:06 UTC 2026","Security Headers Audit","api/security-headers.spec.ts","",""
"","26036","dialogue-heavy script extracts shots @ui","chromium","Mon Mar 02 12:34:46 UTC 2026","passed","Mon Mar 02 12:35:12 UTC 2026","Stock Footage — Script Parsing Edge Cases","ui/stock-footage-edge.spec.ts","",""
"","6278","history Load More button reachable at mobile width @ui @regression","mobile-chrome","Mon Mar 02 12:34:46 UTC 2026","passed","Mon Mar 02 12:34:52 UTC 2026","Mobile Viewport — Responsive Layout","ui/mobile.spec.ts","",""
"","51","response includes X-Frame-Options @api @security","webkit","Mon Mar 02 12:34:50 UTC 2026","passed","Mon Mar 02 12:34:50 UTC 2026","Security Headers Audit","api/security-headers.spec.ts","",""
"","23","response includes X-Frame-Options @api @security","mobile-chrome","Mon Mar 02 12:34:41 UTC 2026","passed","Mon Mar 02 12:34:41 UTC 2026","Security Headers Audit","api/security-headers.spec.ts","",""
"","23498","special characters in screenplay parse correctly @ui","chromium","Mon Mar 02 12:34:58 UTC 2026","passed","Mon Mar 02 12:35:22 UTC 2026","Stock Footage — Script Parsing Edge Cases","ui/stock-footage-edge.spec.ts","",""
"","1563","video cards display status badges @ui","mobile-chrome","Mon Mar 02 12:34:44 UTC 2026","passed","Mon Mar 02 12:34:45 UTC 2026","History Page","ui/history.spec.ts","",""
"","1310","POST /api/generate-video with valid payload returns 200 + taskId @api @smoke @regression","chromium","Mon Mar 02 12:34:29 UTC 2026","passed","Mon Mar 02 12:34:30 UTC 2026","Generation Pipeline API","api/generation-pipeline.spec.ts","",""
"","3123","Stock Footage page should have no a11y violations @a11y @regression","firefox","Mon Mar 02 12:34:29 UTC 2026","passed","Mon Mar 02 12:34:32 UTC 2026","Accessibility — WCAG 2.1 AA Scans","a11y/page-scans.spec.ts","",""
"","2549","stock footage page layout @visual","chromium","Mon Mar 02 12:34:39 UTC 2026","failed","Mon Mar 02 12:34:42 UTC 2026","Visual Regression — Page Snapshots","visual/page-snapshots.spec.ts","",""
"","1797","generate button disabled when prompt empty @smoke @ui","webkit","Mon Mar 02 12:36:16 UTC 2026","passed","Mon Mar 02 12:36:18 UTC 2026","Studio Page","ui/studio.spec.ts","",""
"","6640","Stock Footage page should have no a11y violations @a11y @regression","webkit","Mon Mar 02 12:34:30 UTC 2026","passed","Mon Mar 02 12:34:37 UTC 2026","Accessibility — WCAG 2.1 AA Scans","a11y/page-scans.spec.ts","",""
"","483","polling starts after generation trigger @smoke @ui","mobile-chrome","Mon Mar 02 12:34:57 UTC 2026","skipped","Mon Mar 02 12:34:57 UTC 2026","Studio Generation (mocked)","ui/studio.spec.ts","",""
"","364","GET /api/video-history returns videos array with expected shape @api @smoke @regression","chromium","Mon Mar 02 12:34:32 UTC 2026","passed","Mon Mar 02 12:34:33 UTC 2026","Generation Pipeline API","api/generation-pipeline.spec.ts","",""
"","14527","text without scene headings still parses @ui","firefox","Mon Mar 02 12:35:16 UTC 2026","passed","Mon Mar 02 12:35:31 UTC 2026","Stock Footage — Script Parsing Edge Cases","ui/stock-footage-edge.spec.ts","",""
"","1746","completed videos have playable video elements @ui @regression","chromium","Mon Mar 02 12:34:48 UTC 2026","failed","Mon Mar 02 12:34:50 UTC 2026","History Page","ui/history.spec.ts","",""
"","4327","History page should have no a11y violations @a11y @regression","webkit","Mon Mar 02 12:34:39 UTC 2026","passed","Mon Mar 02 12:34:43 UTC 2026","Accessibility — WCAG 2.1 AA Scans","a11y/page-scans.spec.ts","",""
"","47","response includes Strict-Transport-Security @api @security","chromium","Mon Mar 02 12:34:38 UTC 2026","passed","Mon Mar 02 12:34:38 UTC 2026","Security Headers Audit","api/security-headers.spec.ts","",""
"","31","response includes X-Frame-Options @api @security","firefox","Mon Mar 02 12:34:50 UTC 2026","passed","Mon Mar 02 12:34:51 UTC 2026","Security Headers Audit","api/security-headers.spec.ts","",""
"","1596","all 3 nav links visible on every page @smoke @ui","firefox","Mon Mar 02 12:35:07 UTC 2026","passed","Mon Mar 02 12:35:08 UTC 2026","Navigation","ui/navigation.spec.ts","",""
"","1330","XSS payload in history is rendered as text, not executed @security","webkit","Mon Mar 02 12:34:47 UTC 2026","passed","Mon Mar 02 12:34:48 UTC 2026","Prompt Edge Cases — Security & Encoding","api/prompt-edge-cases.spec.ts","",""
"","333","API endpoints do not expose server version headers @api @security","firefox","Mon Mar 02 12:34:52 UTC 2026","passed","Mon Mar 02 12:34:53 UTC 2026","Security Headers Audit","api/security-headers.spec.ts","",""
"","806","XSS payload in history is rendered as text, not executed @security","firefox","Mon Mar 02 12:34:47 UTC 2026","passed","Mon Mar 02 12:34:48 UTC 2026","Prompt Edge Cases — Security & Encoding","api/prompt-edge-cases.spec.ts","",""
"","1184","video-history with huge limit is handled @api","chromium","Mon Mar 02 12:34:35 UTC 2026","passed","Mon Mar 02 12:34:36 UTC 2026","Negative Paths — API Contract Edge Cases","api/negative-paths.spec.ts","",""
"","2367","failed videos show error message @ui","chromium","Mon Mar 02 12:34:41 UTC 2026","passed","Mon Mar 02 12:34:43 UTC 2026","History Page","ui/history.spec.ts","",""
"","23484","malformed headings still parse or fail gracefully @ui","chromium","Mon Mar 02 12:34:53 UTC 2026","passed","Mon Mar 02 12:35:16 UTC 2026","Stock Footage — Script Parsing Edge Cases","ui/stock-footage-edge.spec.ts","",""
"","1252","Stock Footage page should have no a11y violations @a11y @regression","chromium","Mon Mar 02 12:34:29 UTC 2026","passed","Mon Mar 02 12:34:30 UTC 2026","Accessibility — WCAG 2.1 AA Scans","a11y/page-scans.spec.ts","",""
"","1127","parse button disabled when textarea empty, enabled when filled @smoke @ui","mobile-chrome","Mon Mar 02 12:34:53 UTC 2026","passed","Mon Mar 02 12:34:54 UTC 2026","Stock Footage Page","ui/stock-footage.spec.ts","",""
"","1017","generate-video with invalid aspect_ratio returns error @api","webkit","Mon Mar 02 12:34:43 UTC 2026","passed","Mon Mar 02 12:34:44 UTC 2026","Negative Paths — API Contract Edge Cases","api/negative-paths.spec.ts","",""
"","410","video-status should return sanitized error for invalid taskId @api @regression","webkit","Mon Mar 02 12:34:39 UTC 2026","passed","Mon Mar 02 12:34:40 UTC 2026","Generation Pipeline — Data Integrity","api/generation-pipeline.spec.ts","",""
"","2130","studio handles video-status polling timeout @ui @regression","webkit","Mon Mar 02 12:34:42 UTC 2026","passed","Mon Mar 02 12:34:44 UTC 2026","Negative Paths — API Down & Error States","api/negative-paths.spec.ts","",""
"","715","default aspect ratio is Portrait @smoke @ui","mobile-chrome","Mon Mar 02 12:34:53 UTC 2026","passed","Mon Mar 02 12:34:54 UTC 2026","Stock Footage Page","ui/stock-footage.spec.ts","",""
"","976","button text reflects video count @smoke @ui","mobile-chrome","Mon Mar 02 12:34:55 UTC 2026","passed","Mon Mar 02 12:34:56 UTC 2026","Studio Page","ui/studio.spec.ts","",""
"","731","single word input parses without crash @ui","mobile-chrome","Mon Mar 02 12:34:52 UTC 2026","skipped","Mon Mar 02 12:34:53 UTC 2026","Stock Footage — Script Parsing Edge Cases","ui/stock-footage-edge.spec.ts","",""
"","46","response includes Content-Security-Policy header @api @security","chromium","Mon Mar 02 12:34:38 UTC 2026","passed","Mon Mar 02 12:34:38 UTC 2026","Security Headers Audit","api/security-headers.spec.ts","",""
"","700","video count spinner defaults to 3 with min=1 max=5 @smoke @ui","firefox","Mon Mar 02 12:35:50 UTC 2026","passed","Mon Mar 02 12:35:51 UTC 2026","Studio Page","ui/studio.spec.ts","",""
"","217","POST /api/generate-video with empty prompt returns 400 @api @smoke","firefox","Mon Mar 02 12:34:35 UTC 2026","passed","Mon Mar 02 12:34:35 UTC 2026","Generation Pipeline API","api/generation-pipeline.spec.ts","",""
"","2450","empty script keeps parse button disabled @ui","webkit","Mon Mar 02 12:35:07 UTC 2026","passed","Mon Mar 02 12:35:10 UTC 2026","Stock Footage — Script Parsing Edge Cases","ui/stock-footage-edge.spec.ts","",""
"","4458","unknown route returns 404 @smoke @ui","firefox","Mon Mar 02 12:35:09 UTC 2026","passed","Mon Mar 02 12:35:14 UTC 2026","Navigation","ui/navigation.spec.ts","",""
"","685","shot headings show correct numbering @ui","mobile-chrome","Mon Mar 02 12:34:54 UTC 2026","skipped","Mon Mar 02 12:34:55 UTC 2026","Stock Footage — Script Parsing","ui/stock-footage.spec.ts","",""
"","15037","HQ warning should be hidden when toggle is off after reload @ui @regression","webkit","Mon Mar 02 12:34:24 UTC 2026","passed","Mon Mar 02 12:34:39 UTC 2026","Studio Page","ui/studio.spec.ts","",""
"","5683","Load More button appears and loads additional videos @ui","webkit","Mon Mar 02 12:34:57 UTC 2026","passed","Mon Mar 02 12:35:03 UTC 2026","History Page","ui/history.spec.ts","",""
"","551","HQ mode label and toggle visible @smoke @ui","chromium","Mon Mar 02 12:35:26 UTC 2026","passed","Mon Mar 02 12:35:27 UTC 2026","Studio Page","ui/studio.spec.ts","",""
"","1929","aspect ratio dropdown: Landscape (default), Portrait @smoke @ui","webkit","Mon Mar 02 12:36:30 UTC 2026","passed","Mon Mar 02 12:36:32 UTC 2026","Studio Page","ui/studio.spec.ts","",""
"","553","duration dropdown has 4s, 8s (default), 12s @smoke @ui","chromium","Mon Mar 02 12:35:25 UTC 2026","passed","Mon Mar 02 12:35:26 UTC 2026","Studio Page","ui/studio.spec.ts","",""
"","1327","previz_user_id cookie has Secure flag @security","chromium","Mon Mar 02 12:34:38 UTC 2026","passed","Mon Mar 02 12:34:40 UTC 2026","Security Headers Audit","api/security-headers.spec.ts","",""
"","6014","HQ warning should be hidden when toggle is off after reload @ui @regression","firefox","Mon Mar 02 12:35:53 UTC 2026","passed","Mon Mar 02 12:35:59 UTC 2026","Studio Page","ui/studio.spec.ts","",""
"","32651","dialogue-heavy script extracts shots @ui","webkit","Mon Mar 02 12:35:13 UTC 2026","passed","Mon Mar 02 12:35:46 UTC 2026","Stock Footage — Script Parsing Edge Cases","ui/stock-footage-edge.spec.ts","",""
"","1996","stock footage handles parse failure @ui @regression","webkit","Mon Mar 02 12:34:43 UTC 2026","passed","Mon Mar 02 12:34:45 UTC 2026","Negative Paths — API Down & Error States","api/negative-paths.spec.ts","",""
"","1181","generate-video with invalid aspect_ratio returns error @api","firefox","Mon Mar 02 12:34:43 UTC 2026","passed","Mon Mar 02 12:34:44 UTC 2026","Negative Paths — API Contract Edge Cases","api/negative-paths.spec.ts","",""
"","22141","malformed headings still parse or fail gracefully @ui","webkit","Mon Mar 02 12:36:08 UTC 2026","passed","Mon Mar 02 12:36:30 UTC 2026","Stock Footage — Script Parsing Edge Cases","ui/stock-footage-edge.spec.ts","",""
"","9609","generation trigger transitions to rendering state @smoke @ui @regression","webkit","Mon Mar 02 12:34:24 UTC 2026","passed","Mon Mar 02 12:34:34 UTC 2026","Studio Generation (mocked)","ui/studio.spec.ts","",""
"","1134","innocent short prompts should not be flagged by moderation @api @regression","webkit","Mon Mar 02 12:34:41 UTC 2026","passed","Mon Mar 02 12:34:42 UTC 2026","Generation Pipeline — Data Integrity","api/generation-pipeline.spec.ts","",""
"","2068","default aspect ratio is Portrait @smoke @ui","webkit","Mon Mar 02 12:35:46 UTC 2026","passed","Mon Mar 02 12:35:48 UTC 2026","Stock Footage Page","ui/stock-footage.spec.ts","",""
"","13404","generate button appears with correct video count @ui","chromium","Mon Mar 02 12:35:16 UTC 2026","passed","Mon Mar 02 12:35:30 UTC 2026","Stock Footage — Script Parsing","ui/stock-footage.spec.ts","",""
"","5239","failed videos show error message @ui","webkit","Mon Mar 02 12:35:34 UTC 2026","passed","Mon Mar 02 12:35:39 UTC 2026","History Page","ui/history.spec.ts","",""
"","1389","unicode prompt is accepted @api","firefox","Mon Mar 02 12:34:47 UTC 2026","passed","Mon Mar 02 12:34:49 UTC 2026","Prompt Edge Cases — Security & Encoding","api/prompt-edge-cases.spec.ts","",""
"","690","generate button enables on input, disables on clear @smoke @ui","firefox","Mon Mar 02 12:35:48 UTC 2026","passed","Mon Mar 02 12:35:49 UTC 2026","Studio Page","ui/studio.spec.ts","",""
"","2312","GET /api/video-status with valid taskId returns status object @api","mobile-chrome","Mon Mar 02 12:34:34 UTC 2026","passed","Mon Mar 02 12:34:36 UTC 2026","Generation Pipeline API","api/generation-pipeline.spec.ts","",""
"","1395","homepage loads with title and heading @smoke @ui","webkit","Mon Mar 02 12:35:00 UTC 2026","passed","Mon Mar 02 12:35:01 UTC 2026","Navigation","ui/navigation.spec.ts","",""
"","13361","generate button appears with correct video count @ui","webkit","Mon Mar 02 12:36:03 UTC 2026","passed","Mon Mar 02 12:36:16 UTC 2026","Stock Footage — Script Parsing","ui/stock-footage.spec.ts","",""
"","548","parse button disabled when textarea empty, enabled when filled @smoke @ui","chromium","Mon Mar 02 12:35:03 UTC 2026","passed","Mon Mar 02 12:35:04 UTC 2026","Stock Footage Page","ui/stock-footage.spec.ts","",""
"","627","very long prompt is handled without 500 @api","mobile-chrome","Mon Mar 02 12:34:40 UTC 2026","passed","Mon Mar 02 12:34:41 UTC 2026","Prompt Edge Cases — Security & Encoding","api/prompt-edge-cases.spec.ts","",""
"","32","whitespace-only prompt returns 400 @api","mobile-chrome","Mon Mar 02 12:34:40 UTC 2026","passed","Mon Mar 02 12:34:40 UTC 2026","Prompt Edge Cases — Security & Encoding","api/prompt-edge-cases.spec.ts","",""
"","681","duration dropdown has 4s, 8s (default), 12s @smoke @ui","firefox","Mon Mar 02 12:35:51 UTC 2026","passed","Mon Mar 02 12:35:51 UTC 2026","Studio Page","ui/studio.spec.ts","",""
"","808","unicode prompt is accepted @api","chromium","Mon Mar 02 12:34:37 UTC 2026","passed","Mon Mar 02 12:34:38 UTC 2026","Prompt Edge Cases — Security & Encoding","api/prompt-edge-cases.spec.ts","",""
"","307","POST /api/generate-video with empty prompt returns 400 @api @smoke","mobile-chrome","Mon Mar 02 12:34:33 UTC 2026","passed","Mon Mar 02 12:34:33 UTC 2026","Generation Pipeline API","api/generation-pipeline.spec.ts","",""
"","5796","HQ warning should be hidden when toggle is off after reload @ui @regression","chromium","Mon Mar 02 12:35:27 UTC 2026","passed","Mon Mar 02 12:35:32 UTC 2026","Studio Page","ui/studio.spec.ts","",""
"","1237","SQL injection string is accepted without server error @api @security","chromium","Mon Mar 02 12:34:35 UTC 2026","passed","Mon Mar 02 12:34:36 UTC 2026","Prompt Edge Cases — Security & Encoding","api/prompt-edge-cases.spec.ts","",""
"","1605","POST /api/generate-video with valid payload returns 200 + taskId @api @smoke @regression","firefox","Mon Mar 02 12:35:07 UTC 2026","passed","Mon Mar 02 12:35:08 UTC 2026","Generation Pipeline API","api/generation-pipeline.spec.ts","",""
"","347","GET /api/video-history with filter=mine returns cookie-filtered videos @api","webkit","Mon Mar 02 12:34:39 UTC 2026","passed","Mon Mar 02 12:34:39 UTC 2026","Generation Pipeline API","api/generation-pipeline.spec.ts","",""
"","22","response includes X-Content-Type-Options: nosniff @api @security","mobile-chrome","Mon Mar 02 12:34:41 UTC 2026","passed","Mon Mar 02 12:34:41 UTC 2026","Security Headers Audit","api/security-headers.spec.ts","",""
"","784","duration dropdown has 4s, 8s (default), 12s @smoke @ui","mobile-chrome","Mon Mar 02 12:34:56 UTC 2026","passed","Mon Mar 02 12:34:57 UTC 2026","Studio Page","ui/studio.spec.ts","",""
"","2073","generate-video with invalid duration returns error @api","webkit","Mon Mar 02 12:34:44 UTC 2026","passed","Mon Mar 02 12:34:46 UTC 2026","Negative Paths — API Contract Edge Cases","api/negative-paths.spec.ts","",""
"","108","whitespace-only prompt returns 400 @api","webkit","Mon Mar 02 12:34:49 UTC 2026","passed","Mon Mar 02 12:34:49 UTC 2026","Prompt Edge Cases — Security & Encoding","api/prompt-edge-cases.spec.ts","",""
"","1131","GET /api/video-status without taskId returns 400 @api @smoke","firefox","Mon Mar 02 12:34:35 UTC 2026","passed","Mon Mar 02 12:34:37 UTC 2026","Generation Pipeline API","api/generation-pipeline.spec.ts","",""
"","796","generate-video should include rate limiting headers @api @regression","firefox","Mon Mar 02 12:34:39 UTC 2026","passed","Mon Mar 02 12:34:40 UTC 2026","Generation Pipeline — Data Integrity","api/generation-pipeline.spec.ts","",""
"","567","polling starts after generation trigger @smoke @ui","chromium","Mon Mar 02 12:35:28 UTC 2026","passed","Mon Mar 02 12:35:28 UTC 2026","Studio Generation (mocked)","ui/studio.spec.ts","",""
"","3294","polling starts after generation trigger @smoke @ui","firefox","Mon Mar 02 12:34:30 UTC 2026","passed","Mon Mar 02 12:34:33 UTC 2026","Studio Generation (mocked)","ui/studio.spec.ts","",""
"","15236","generate button appears with correct video count @ui","firefox","Mon Mar 02 12:35:46 UTC 2026","passed","Mon Mar 02 12:36:01 UTC 2026","Stock Footage — Script Parsing","ui/stock-footage.spec.ts","",""
"","26920","malformed headings still parse or fail gracefully @ui","firefox","Mon Mar 02 12:35:19 UTC 2026","passed","Mon Mar 02 12:35:46 UTC 2026","Stock Footage — Script Parsing Edge Cases","ui/stock-footage-edge.spec.ts","",""
"","1515","previz_user_id cookie has Secure flag @security","mobile-chrome","Mon Mar 02 12:34:41 UTC 2026","passed","Mon Mar 02 12:34:43 UTC 2026","Security Headers Audit","api/security-headers.spec.ts","",""
"","3998","navigate Studio → Stock Footage → History @smoke @ui","webkit","Mon Mar 02 12:35:01 UTC 2026","passed","Mon Mar 02 12:35:05 UTC 2026","Navigation","ui/navigation.spec.ts","",""
"","717","malformed headings still parse or fail gracefully @ui","mobile-chrome","Mon Mar 02 12:34:53 UTC 2026","skipped","Mon Mar 02 12:34:54 UTC 2026","Stock Footage — Script Parsing Edge Cases","ui/stock-footage-edge.spec.ts","",""
"","10400","script parsing shows loading then parsed shots @smoke @ui","chromium","Mon Mar 02 12:35:05 UTC 2026","passed","Mon Mar 02 12:35:15 UTC 2026","Stock Footage — Script Parsing","ui/stock-footage.spec.ts","",""
"","762","generate-video should include rate limiting headers @api @regression","chromium","Mon Mar 02 12:34:33 UTC 2026","passed","Mon Mar 02 12:34:34 UTC 2026","Generation Pipeline — Data Integrity","api/generation-pipeline.spec.ts","",""
"","1905","GET /api/video-status without taskId returns 400 @api @smoke","chromium","Mon Mar 02 12:34:30 UTC 2026","passed","Mon Mar 02 12:34:32 UTC 2026","Generation Pipeline API","api/generation-pipeline.spec.ts","",""
"","322","studio handles generate-video 500 gracefully @ui @regression","firefox","Mon Mar 02 12:34:41 UTC 2026","skipped","Mon Mar 02 12:34:42 UTC 2026","Negative Paths — API Down & Error States","api/negative-paths.spec.ts","",""
"","1666","GET /api/video-status with valid taskId returns status object @api","chromium","Mon Mar 02 12:34:32 UTC 2026","passed","Mon Mar 02 12:34:34 UTC 2026","Generation Pipeline API","api/generation-pipeline.spec.ts","",""
"","35","response includes Content-Security-Policy header @api @security","firefox","Mon Mar 02 12:34:50 UTC 2026","passed","Mon Mar 02 12:34:50 UTC 2026","Security Headers Audit","api/security-headers.spec.ts","",""
"","30171","HQ warning should be hidden when toggle is off after reload @ui @regression","mobile-chrome","Mon Mar 02 12:35:59 UTC 2026","broken","Mon Mar 02 12:36:29 UTC 2026","Studio Page","ui/studio.spec.ts","",""
"","9172","single word input parses without crash @ui","firefox","Mon Mar 02 12:35:10 UTC 2026","passed","Mon Mar 02 12:35:19 UTC 2026","Stock Footage — Script Parsing Edge Cases","ui/stock-footage-edge.spec.ts","",""
"","636","generation trigger transitions to rendering state @smoke @ui @regression","chromium","Mon Mar 02 12:35:27 UTC 2026","passed","Mon Mar 02 12:35:28 UTC 2026","Studio Generation (mocked)","ui/studio.spec.ts","",""
"","478","unknown route returns 404 @smoke @ui","mobile-chrome","Mon Mar 02 12:34:51 UTC 2026","passed","Mon Mar 02 12:34:52 UTC 2026","Navigation","ui/navigation.spec.ts","",""
"","525","homepage loads with title and heading @smoke @ui","mobile-chrome","Mon Mar 02 12:34:51 UTC 2026","passed","Mon Mar 02 12:34:51 UTC 2026","Navigation","ui/navigation.spec.ts","",""
"","4323","generate-video with invalid aspect_ratio returns error @api","chromium","Mon Mar 02 12:34:34 UTC 2026","passed","Mon Mar 02 12:34:38 UTC 2026","Negative Paths — API Contract Edge Cases","api/negative-paths.spec.ts","",""
"","735","whitespace-only script keeps parse button disabled @ui","chromium","Mon Mar 02 12:34:46 UTC 2026","passed","Mon Mar 02 12:34:46 UTC 2026","Stock Footage — Script Parsing Edge Cases","ui/stock-footage-edge.spec.ts","",""
"","1160","emoji prompt is accepted @api","chromium","Mon Mar 02 12:34:37 UTC 2026","passed","Mon Mar 02 12:34:38 UTC 2026","Prompt Edge Cases — Security & Encoding","api/prompt-edge-cases.spec.ts","",""
"","787","start over button resets to input state @ui","mobile-chrome","Mon Mar 02 12:34:55 UTC 2026","skipped","Mon Mar 02 12:34:55 UTC 2026","Stock Footage — Script Parsing","ui/stock-footage.spec.ts","",""
